<application>
  <component name="GeneralSettings">
    <option name="autoSaveIfInactive" value="true" />
    <option name="browserPath" value="C:\Program Files\BraveSoftware\Brave-Browser\Application\brave.exe" />
    <option name="confirmOpenNewProject2" value="1" />
    <option name="inactiveTimeout" value="5" />
    <option name="showTipsOnStartup" value="false" />
  </component>
  <component name="Registry">
    <entry key="ide.balloon.shadow.size" value="0" />
    <entry key="ide.experimental.ui" value="true" />
    <entry key="debugger.new.tool.window.layout" value="true" />
    <entry key="ide.editor.tab.selection.animation" value="true" />
    <entry key="ide.new.editor.tabs.vertical.borders" value="true" />
    <entry key="editor.focus.mode.color.light" value="6b727d" />
    <entry key="editor.focus.mode.color.dark" value="6b727d" />
  </component>
  <component name="StatusBar">
    <option name="widgets">
      <map>
        <entry key="mtThemeFactory" value="false" />
      </map>
    </option>
  </component>
</application>