<application>
  <component name="MaterialThemeConfig">
    <option name="isWizardShown" value="true" />
    <option name="overrideAccentColor" value="false" />
    <option name="treeFontSizeEnabled" value="true" />
    <option name="tabFontSizeEnabled" value="true" />
    <option name="accentColor" value="ab47bc" />
    <option name="selectedTheme" value="ONE_DARK" />
    <option name="userId" value="-2d903e76:182d2c811af:-8000" />
    <option name="version" value="8.3.2" />
  </component>
</application>