<application>
  <component name="ProjectManager">
    <defaultProject>
      <component name="ProjectInspectionProfilesVisibleTreeState">
        <entry key="Project Default">
          <profile-state>
            <expanded-state>
              <State />
              <State>
                <id>ES2015 migration aidsJavaScript and TypeScript</id>
              </State>
              <State>
                <id>GeneralJavaScript and TypeScript</id>
              </State>
              <State>
                <id>JavaScript and TypeScript</id>
              </State>
              <State>
                <id>TypeScriptJavaScript and TypeScript</id>
              </State>
            </expanded-state>
            <selected-state>
              <State>
                <id>CSS</id>
              </State>
            </selected-state>
          </profile-state>
        </entry>
      </component>
      <component name="PropertiesComponent"><![CDATA[{
  "keyToString": {
    "settings.editor.selected.configurable": "reference.settings.ide.settings.new.ui"
  }
}]]></component>
      <component name="WindowStateProjectService">
        <state x="273" y="55" key="SettingsEditor" timestamp="1669763340216">
          <screen x="0" y="0" width="1536" height="824" />
        </state>
        <state x="273" y="55" key="SettingsEditor/0.0.1536.824" timestamp="1669763340216" />
      </component>
    </defaultProject>
  </component>
</application>