<application>
  <component name="MaterialThemeConfig">
    <option name="isWizardShown" value="true" />
    <option name="overrideAccentColor" value="false" />
    <option name="treeFontSizeEnabled" value="true" />
    <option name="tabFontSizeEnabled" value="true" />
    <option name="accentColor" value="00bcd4" />
    <option name="selectedTheme" value="GITHUB_DARK" />
    <option name="userId" value="48be152:183a70c8ba5:-8000" />
    <option name="version" value="8.3.2" />
  </component>
</application>