<application>
  <component name="ProjectManager">
    <defaultProject>
      <component name="MarkdownSettingsMigration">
        <option name="stateVersion" value="1" />
      </component>
      <component name="PrettierConfiguration">
        <option name="myRunOnSave" value="true" />
        <option name="myRunOnReformat" value="true" />
      </component>
      <component name="ProjectDictionaryState">
        <dictionary name="hosse" />
      </component>
      <component name="ProjectInspectionProfilesVisibleTreeState">
        <entry key="Project Default">
          <profile-state>
            <expanded-state>
              <State />
              <State>
                <id>Code style issuesGo</id>
              </State>
              <State>
                <id>Control flow issuesJavaScript and TypeScript</id>
              </State>
              <State>
                <id>ES2015 migration aidsJavaScript and TypeScript</id>
              </State>
              <State>
                <id>General</id>
              </State>
              <State>
                <id>GeneralJavaScript and TypeScript</id>
              </State>
              <State>
                <id>Go</id>
              </State>
              <State>
                <id>Internationalization</id>
              </State>
              <State>
                <id>JavaScript and TypeScript</id>
              </State>
              <State>
                <id>Markdown</id>
              </State>
              <State>
                <id>Naming conventionsJavaScript and TypeScript</id>
              </State>
              <State>
                <id>Probable bugsGo</id>
              </State>
              <State>
                <id>SQL</id>
              </State>
            </expanded-state>
          </profile-state>
        </entry>
      </component>
      <component name="ProjectViewState">
        <option name="autoscrollToSource" value="true" />
        <option name="hideEmptyMiddlePackages" value="true" />
        <option name="showLibraryContents" value="true" />
      </component>
      <component name="PropertiesComponent"><![CDATA[{
  "keyToString": {
    "go.import.settings.migrated": "true",
    "node.js.selected.package.eslint": "(autodetect)",
    "node.js.selected.package.standard": "",
    "prettierjs.PrettierConfiguration.Package": "C:\\Users\\hosse\\AppData\\Roaming\\npm\\node_modules\\prettier",
    "settings.editor.selected.configurable": "watcher.settings"
  }
}]]></component>
    </defaultProject>
  </component>
</application>