<application>
  <component name="MaterialThemeConfig">
    <option name="isWizardShown" value="true" />
    <option name="overrideAccentColor" value="false" />
    <option name="treeFontSizeEnabled" value="true" />
    <option name="tabFontSizeEnabled" value="true" />
    <option name="accentColor" value="ffeb3b" />
    <option name="selectedTheme" value="ONE_DARK" />
    <option name="userId" value="-5950a5dc:182d1c4f604:-8000" />
    <option name="version" value="8.3.2" />
  </component>
</application>